人员编号,特征码
P0000,CjD8XlTz
P0001,CUwBGZhI
P0002,ChfVDqdQ
P0003,C7Pnvot1
P0004,CXnljmwx
P0005,COA1nzDJ
P0006,Cr5Y0yk2
P0007,CPOhlaMz
P0008,CjX2Kkm5
P0009,C1b6QpCZ
P0010,CO75yiNJ
P0011,CWdMpTNX
P0012,C7GTsSLv
P0013,CHRvI2xE
P0014,CzWd0g4t
P0015,CPBqp20T
P0016,CTBX4GZF
P0017,C5LqjdR8
P0018,C3ukdWrT
P0019,CShTdYMo
P0020,C4tHNnPZ
P0021,CVUKwvDa
P0022,CShEm0H8
P0023,CUMncy9g
P0024,CzRTjNQP
P0025,CE7IcSCk
P0026,CdZE3W9m
P0027,C7pkgcin
P0028,CPfhqeSU
P0029,CzcIBECv
P0030,CSDHmML2
P0031,CqAj0n18
P0032,Ce7Mrz2q
P0033,C1Tgmody
P0034,C9ra8Ytc
P0035,C7b0Jsoz
P0036,CaPfot84
P0037,CUOb2f0L
P0038,CwuR5CcU
P0039,CXl5fbSN
P0040,C2w9ZJjk
P0041,C5SaRV7T
P0042,CuGzly5U
P0043,CCmn6kM1
P0044,CKJ7reOD
P0045,COViBL25
P0046,CGhPti38
P0047,CLNodzZD
P0048,CBTw3fec
P0049,C6CAbKjE
P0050,CgSfsOR9
P0051,CJK1jiW9
P0052,CLjkwVKy
P0053,CT4UgP1F
P0054,C1uhR4YE
P0055,C61soVX4
P0056,C7woca9G
P0057,ChJfiEOd
P0058,CVEwG8nF
P0059,Cd5Q2GLq
P0060,CbMH70Xg
P0061,CSlcLToD
P0062,CSahox4u
P0063,ChOtg753
P0064,CSC7Nmuf
P0065,CkvMXPNj
P0066,C7mTBf5u
P0067,CMnurjQh
P0068,CC7W5bnH
P0069,CkEVM2Qc
P0070,C1ICwafF
P0071,CdByjm8l
P0072,Cnrq9sz4
P0073,CqvbUrp2
P0074,CHldQAfU
P0075,CwhkYNEx
P0076,CnXQHpzb
P0077,CD1vcqFM
P0078,CdYewcPq
P0079,CXLDKNU1
P0080,CsIzxuki
P0081,CVlvFXzN
P0082,CApWFVgH
P0083,CnlepfbN
P0084,CY1r8Eov
P0085,CAScMrEw
P0086,CSv5T9eG
P0087,Cs3NVkxt
P0088,CozBcarf
P0089,CIUWS3g0
P0090,CYrOBEI8
P0091,CVXOJR3c
P0092,CFRO6tlf
P0093,CfWFNP4O
P0094,CnHfvNTj
P0095,CzGc9vAl
P0096,CZKB1pYR
P0097,CVMRfCxa
P0098,CsBaC0TM
P0099,CsZmYCFO
P0100,CTH23iEj
P0101,Cn0Psyab
P0102,Cz4hXOYU
P0103,CKpj15W4
P0104,Cp1E8lAt
P0105,CsH2y65K
P0106,CTXREhJK
P0107,CXicGVdb
P0108,CGBy7obh
P0109,CeoQyrtH
P0110,CVk5NE6W
P0111,CJxQw6Ar
P0112,CeBo0yas
P0113,CIcOxW1T
P0114,CQREAqCi
P0115,CSFNWMws
P0116,CaezhHY7
P0117,C4nQkrdc
P0118,CTfHZ0S3
P0119,C9WCYwb0
P0120,C59ZwLRm
P0121,C0P2vVpK
P0122,CsHN09uP
P0123,Cu79qgkQ
P0124,Ct8CGOo4
P0125,CpvjzED7
P0126,CzwQlUOp
P0127,CN4oTs51
P0128,C6FtJOLr
P0129,CLvbYyN5
P0130,CJBE1sHA
P0131,CUVbTHz9
P0132,CjvMrwxB
P0133,ChLl3ViT
P0134,ChfDjmkd
P0135,CJTW9ED8
P0136,COLtezgv
P0137,CFPCDWLs
P0138,CJUK4c7X
P0139,CU6jebVD
P0140,CKfVub9c
P0141,CRI7JVgH
P0142,CX7gf5wY
P0143,CBUJ2gsa
P0144,CNvbDW4l
P0145,CUdTWA8V
P0146,CP9VIOJv
P0147,CWqV7Ffd
P0148,C43UDENQ
P0149,C1qToycJ
P0150,CzWKagrl
P0151,CSy0alZA
P0152,Ck56QKnt
P0153,CoejOGdJ
P0154,CvYg1LT5
P0155,CsNPV4mg
P0156,C45SzLvX
P0157,Cd5wzc4R
P0158,CGMRUY3S
P0159,CuoVv7tJ
P0160,CkeZ3JPD
P0161,C62yhacv
P0162,CQUTHrJX
P0163,C30WPHU6
P0164,CGJkZ6Dd
P0165,CRkgKbxJ
P0166,C4btHFSm
P0167,CO1dxoT2
P0168,CVnCghDO
P0169,CcF0kYBD
P0170,CCSBFLWR
P0171,CqRFe9xy
P0172,Cm6gI3ne
P0173,CR3Hbv2m
P0174,CdMz42FO
P0175,CH0cqWwL
P0176,C4xf7cuQ
P0177,ClE67aKF
P0178,CrgQRCbO
P0179,CymIeOs1
P0180,C8jMgV17
P0181,CTC02765
P0182,CN6ZpaJO
P0183,CSgL5u0Z
P0184,CMaBlR5s
P0185,CWSpLcry
P0186,CuZblsw5
P0187,C0SK5qFz
P0188,CPxiGfpU
P0189,Cu74BFP3
P0190,C6galOjI
P0191,Cl3ecpgN
P0192,C5TRzHEV
P0193,CMJsRUFi
P0194,CPyzHgOb
P0195,CntA1kex
P0196,CyZmpVvk
P0197,CM6m145u
P0198,COtkuADh
P0199,CCFz2Akm
P0200,CEe43w1n
P0201,CVAF7PiL
P0202,CdI768W5
P0203,CqHNTaQl
P0204,CVG8MYHQ
P0205,CJ1RXfia
P0206,CCZQTs9L
P0207,CC4uorLt
P0208,CqjVM0LT
P0209,CTHfp9gy
P0210,CMUjhiJD
P0211,ClZOshr6
P0212,Cdl7ZIHS
P0213,Ce52MVTJ
P0214,CQoJVAHW
P0215,CwfIrpJz
P0216,CD8GOKFg
P0217,CakZ9qQp
P0218,CPpbwmOu
P0219,ChYdVrlO
P0220,CDELpYtl
P0221,CgneXmS8
P0222,Ctkp5C8c
P0223,C3NfYgnE
P0224,C4A29dsW
P0225,CJXmMgod
P0226,CEc8MC90
P0227,C1MT0nEd
P0228,CikJm6Xt
P0229,CjfgHuXC
P0230,CzWVTu8J
P0231,CoHN9AQY
P0232,CyfUG4RB
P0233,CuodwHUk
P0234,CnG95c6g
P0235,CBZrQS4n
P0236,C75leVGr
P0237,CrRmdsXP
P0238,CnhP0DaQ
P0239,CNzEbHt2
P0240,CqvScAXB
P0241,CiDvsTrJ
P0242,CxcOsQty
P0243,CP1G2Dal
P0244,CCxDtj9K
P0245,ChjXysiq
P0246,CwKfi8cM
P0247,Ci8StVhB
P0248,CzmVBpc8
P0249,Cq7PhguL
P0250,CEX2G5sf
P0251,CKNgqrVS
P0252,CItfre2p
P0253,CbcdQvoz
P0254,CrR4OnNL
P0255,CRMGd6WX
P0256,CH1mtSKJ
P0257,C9EVLsYj
P0258,CXUBFSuq
P0259,C03tcWXP
P0260,CY6pgFhw
P0261,Cs7fdxOo
P0262,CF1UlK6B
P0263,Cq4BSbd8
P0264,CryMcoSK
P0265,CdX5WyRx
P0266,CkKhpd2P
P0267,CWGTrLMU
P0268,CNUe8Xfo
P0269,CErzFYdo
P0270,CUuprR87
P0271,C4X1wJCd
P0272,CFOBCYxW
P0273,C3wvRNVl
P0274,CSDZ6KUR
P0275,Cm2PtEZu
P0276,CqSYcRU7
P0277,C7jt48wU
P0278,Cc9fZQWC
P0279,CAWyjGhV
P0280,CjGQNKck
P0281,CITnB9Ck
P0282,CCkeYRG5
P0283,C63rtswc
P0284,Cv5m9Mqa
P0285,C5NmsAVj
P0286,Cr13n0cA
P0287,CZocs3ak
P0288,CDIMTOJH
P0289,CNW0dguB
P0290,Cl75sn2J
P0291,CTUNIbV0
P0292,CX5d4hoV
P0293,CndhisfB
P0294,CuBgk1Jl
P0295,COirmxQa
P0296,C8eFSWVO
P0297,Cw5vtzXN
P0298,CqgBy9c8
P0299,C9takJgI
P0300,Cj37tTMF
P0301,CV52mORt
P0302,CD7yegMr
P0303,CN8dlAU5
P0304,CaPplxO2
P0305,CYoC7i8v
P0306,Cxh023B7
P0307,CDZTPO6G
P0308,CMzb91cj
P0309,CUerxtT8
P0310,CgiCOcEU
P0311,CYM0Rito
P0312,CeVsKUHS
P0313,CWQ35c7R
P0314,CP3ioHrG
P0315,C6BAIw3a
P0316,C4FY9fN6
P0317,Cw6VgNaq
P0318,CSmP57Og
P0319,CnQp5B3W
P0320,CIwV4yhY
P0321,CGDzgRAY
P0322,CWFnMx2v
P0323,CtYKua7m
P0324,CrStmU13
P0325,CzmUR7gH
P0326,Cnzmc7V2
P0327,CsGIeil8
P0328,Cgs7Ux5m
P0329,CgJEVp9a
P0330,CPDZNtW3
P0331,CUIc2zHv
P0332,Ce21PkpV
P0333,CKQ0BREO
P0334,CQKwp4hB
P0335,CQz2T8xC
P0336,C2cH0zgS
P0337,CuP5mIRv
P0338,CIU2EKPS
P0339,Ccvra3s8
P0340,CbIeTcwp
P0341,CPLjhoB1
P0342,CYJMxbUB
P0343,C5q6CAjV
P0344,C1TugmR2
P0345,CcR9ZvIi
P0346,CyMF6mbk
P0347,C6zyVB3f
P0348,CcawuXgH
P0349,Cx54zSRK
P0350,C3lGhLdg
P0351,ChmLRnlr
P0352,CApdkrGq
P0353,CBaySuZQ
P0354,Cuo56w2O
P0355,CytrYvXl
P0356,C5VrM4Lg
P0357,Cs9Lxz4S
P0358,CUsQfVPF
P0359,CysNjAW7
P0360,CyAfnCmt
P0361,CafvSpks
P0362,CDet1w9d
P0363,CWXPRej1
P0364,CwsmYAy0
P0365,Cu5dgJi4
P0366,CHk2TfO3
P0367,CKv23fuc
P0368,Ck7mt5M0
P0369,CFdTERPl
P0370,CGgKiNEh
P0371,C1gRbfcr
P0372,CwDclgPH
P0373,CJiHIVdF
P0374,Ci4t7APu
P0375,CzF7Nktc
P0376,CDI4zKT2
P0377,CRp01TQk
P0378,CcaFVUIP
P0379,CqWBLGVQ
P0380,CG843Qfo
P0381,C6fiNPUr
P0382,CQPIJS0Y
P0383,Chn1jbZ2
P0384,ChN4PaFH
P0385,CsYngFDN
P0386,CHEuUKNm
P0387,CIeRmMWj
P0388,C3nq1dOx
P0389,CGOCswlD
P0390,CIYOhS5a
P0391,C2ZzqWbQ
P0392,CWYCtk3D
P0393,CVYCgXex
P0394,CY3b0vOf
P0395,CL0EdP8H
P0396,CdzNpjJy
P0397,CJyDWatc
P0398,CX59vuD1
P0399,CaSZicAe
P0400,CuwGMgUD
P0401,C3cMZAFL
P0402,CE2rBh5G
P0403,CPpHVYbB
P0404,C9uCGzbS
P0405,C5j0LW9E
P0406,Coj9peS0
P0407,CIO9w7n8
P0408,CAbN6DQZ
P0409,CpjrMvGm
P0410,CzhfSNM0
P0411,CPtwnpiT
P0412,CAiD7d5T
P0413,CmNcYisS
P0414,C3qQDVjF
P0415,CuPREJxr
P0416,CXq9rvkZ
P0417,CdxrijoL
P0418,C2DN4whx
P0419,CmMEyjPO
P0420,Cc3jP8nd
P0421,C7iBAGLw
P0422,CrynYQNX
P0423,CMupnH1Z
P0424,CpRUA0Ku
P0425,C1IEq4NZ
P0426,CfCwKLmR
P0427,CZLH8vMO
P0428,CcrZTUKA
P0429,C9Lmsr1Y
P0430,Ca6ypr5C
P0431,CqwuBv1D
P0432,CSFUC4L5
P0433,Cyg7JVS8
P0434,CbPrn3AJ
P0435,CQolu7GP
P0436,C4TdFnmM
P0437,Ci2bMG6z
P0438,C61BgEj3
P0439,CoE6zYJ0
P0440,CWQ2xNGU
P0441,CjZDOt6R
P0442,C9sEBpX3
P0443,CKA7ykI1
P0444,CPKFmVCX
P0445,C1vom48J
P0446,Cr7Cwahk
P0447,CUr1sGoH
P0448,CbdwELqK
P0449,CngI3R10
P0450,C3pUY0hq
P0451,CkiHWajX
P0452,CKo8S1Qx
P0453,C8TqGiIz
P0454,Cb5WLHj6
P0455,C9UMFb3Y
P0456,CEJWNlpT
P0457,Co37Vtl9
P0458,CXslvi9Y
P0459,CNdPrJx9
P0460,CKGCP3E6
P0461,CWVZT1NL
P0462,CK8iRuqP
P0463,C34QjvtS
P0464,C5hrObjp
P0465,C2SoaEBp
P0466,Cg6qWCOv
P0467,CWCv1AJ6
P0468,CqcgX8Va
P0469,CXkvxMHV
P0470,Cd9ckaLW
P0471,CNR9ySHp
P0472,C3glq5Pm
P0473,CNXU6sdD
P0474,Crauqi0H
P0475,CTgxYruc
P0476,COSwCRF5
P0477,C48cEzhR
P0478,COwFpImH
P0479,C7YybqIN
P0480,C8K2vViI
P0481,CMDBLnmX
P0482,CpdECgQ1
P0483,CMy7DzrY
P0484,CV451Xcm
P0485,Cm3pshDo
P0486,C1esQkfr
P0487,CDEYohfz
P0488,CWOPfSZ4
P0489,Cnb5N72O
P0490,CDNfaBpO
P0491,CkT8IBqO
P0492,Cv6hajP7
P0493,CzU85FVg
P0494,CWYpnoJF
P0495,CDWlui8Y
P0496,C3g6258b
P0497,CTR6KMXS
P0498,CNVmhLxr
P0499,C61nJU4V
P0500,CEbfMdoO
P0501,CmsyVHvQ
P0502,CgBKRsPJ
P0503,CDuq5PUh
P0504,CD1cUv6p
P0505,C4TakVhI
P0506,C3trajni
P0507,ClWt5Oxu
P0508,Cjx8h7gO
P0509,CBv0w3zh
P0510,CydGevCN
P0511,CKzFeTNE
P0512,CpCuBlPO
P0513,COHnUM3R
P0514,CdS6Gz0x
P0515,CguZ7h8J
P0516,C6JM8xOH
P0517,CGaqyFBN
P0518,Cl4woMIV
P0519,CDSHZoBO
P0520,ClwutkcM
P0521,CBbIf5pl
P0522,C1bR5z9D
P0523,CHIDXs7v
P0524,COpXTvhu
P0525,CLwu4z6b
P0526,C4ZTdyFv
P0527,ChQ2dRJx
P0528,CvlrHfL4
P0529,C4yG3NjV
P0530,Clk3YQiR
P0531,CHsL6yhz
P0532,C06qrXDc
P0533,Cd1phqef
P0534,CT9bOnc8
P0535,CDYkB0Wr
P0536,CrLD90zE
P0537,Cxc3GNt5
P0538,CHqhEUXj
P0539,Cy9VWdTi
P0540,CwndjG61
P0541,CWd7GrzU
P0542,CMoRq6LO
P0543,CsrxPdwS
P0544,CefuSWip
P0545,CgzQkXdu
P0546,CqLWZu2O
P0547,CDq5GCxP
P0548,CZiA1xES
P0549,C5JFsWfo
P0550,CqUEMch7
P0551,Cwu560B1
P0552,CMFYQcIH
P0553,CMfUPXTz
P0554,CFGPba3u
P0555,CN9hxtip
P0556,C8U6VNgu
P0557,CIoQJ5Fz
P0558,C3Fw9s0k
P0559,CQYtXyMm
P0560,CfZpBXbO
P0561,CviLcwCs
P0562,CoFCPWa7
P0563,CRLZSrwh
P0564,CrQqUJcn
P0565,CN5jaE7C
P0566,CEHTghti
P0567,C3scomiB
P0568,Co6esmtB
P0569,CfTqRSIr
P0570,CRpsSf0T
P0571,C8j3ovYQ
P0572,CzByZvxn
P0573,CPZTY69o
P0574,C9GBeFMP
P0575,CyPCpIVQ
P0576,CXPhCcbM
P0577,COztQgT7
P0578,CEcShOmx
P0579,CsfDE5Ch
P0580,CDkCFZzN
P0581,CvoDmInO
P0582,ChPumdeg
P0583,CIeFQEw5
P0584,CrIj6wSU
P0585,CHGr0aEo
P0586,Cj9kHERU
P0587,Cv7iu1lz
P0588,CG3yrJiM
P0589,CzhBlUc8
P0590,ClJrTbU8
P0591,CcDkfnYL
P0592,CCPT3EAW
P0593,C7DXrkcJ
P0594,CG10piE3
P0595,Cbd9AsqP
P0596,C5uJGrkz
P0597,CwCEc453
P0598,CLCPfmgW
P0599,CuktdfgV
P0600,CWX9OrF3
P0601,C1zvrSuJ
P0602,CwUeodVq
P0603,CXa4ZOW7
P0604,CxuUiHQd
P0605,CQR7pXi6
P0606,CfLbM712
P0607,CjPy324V
P0608,CjyrFCe9
P0609,CKNL7Rjs
P0610,C8mCUI4P
P0611,CTgwQZip
P0612,CtuOgXYV
P0613,C6dxMYOE
P0614,CzjsCwdo
P0615,COp3gzmf
P0616,CzewX0cx
P0617,Cw7uOE9p
P0618,CJmSvHOc
P0619,CjbqYF9K
P0620,Cmvwgotq
P0621,CC4aSIG0
P0622,CdFhDyIx
P0623,CvmlA6Wq
P0624,CmTsV4Dd
P0625,CFvcHILm
P0626,CnlS8UMz
P0627,CO6RiBp0
P0628,CjwZvfQl
P0629,CBM9nUyu
P0630,CgMTRi5t
P0631,Cjfn7uRY
P0632,CR5UeVtm
P0633,C2IHu9sD
P0634,Cs09rIJM
P0635,CuelZ7rD
P0636,C9ca6CYx
P0637,CsYioUfn
P0638,CzkTOQZI
P0639,CLvui42j
P0640,CxsFyrXk
P0641,CKApvRbM
P0642,CPdbplAr
P0643,COKpzn9A
P0644,Cw6rqs7y
P0645,Cjqn9xmC
P0646,CIMyiY7E
P0647,CM3SqXZz
P0648,Cp5mcb7t
P0649,CEcWInyg
P0650,CXihZgHM
P0651,CW2TkFMm
P0652,C3eDYOLm
P0653,CP1ezWuw
P0654,CJTurPik
P0655,C24Meomt
P0656,CGOC7NY8
P0657,C2m5ljRE
P0658,CBGcxmFO
P0659,CvSmx5Zo
P0660,CgTGiSBJ
P0661,C8vCzyd3
P0662,CrByO67U
P0663,CqtsyR65
P0664,CKdPiWhf
P0665,CN4Z5gph
P0666,CYlUEVb0
P0667,CwQl4v9x
P0668,CpAa9gdX
P0669,CosqrhEA
P0670,CWMx8fHk
P0671,CzxsS3X6
P0672,CBLrpR4o
P0673,CiBED2wZ
P0674,CfHRnwNO
P0675,C48EhuV5
P0676,ClRm164s
P0677,Cct3S1PZ
P0678,C3VNMFQp
P0679,CvN3i4OD
P0680,Cdc7bRvN
P0681,CD3bSPUW
P0682,CTliz8qa
P0683,CPOfgXTn
P0684,CaGzWpeO
P0685,CKPM8k7G
P0686,CjqGxKrz
P0687,CIsvF6kE
P0688,CrYMTjQZ
P0689,CMInFikq
P0690,Cp7yf16D
P0691,CkMF4agZ
P0692,CVXSt0gs
P0693,CuEWXosc
P0694,CPwCjGxE
P0695,ClBC5PXv
P0696,COY9gLnW
P0697,CQzdxUFn
P0698,CqJ1NdUP
P0699,CTXv3k5Z
P0700,CMjzUkNJ
P0701,C5OZCB4Y
P0702,CUquQTXW
P0703,CUWRyh3v
P0704,C0u97UJO
P0705,CHv3tkU8
P0706,CFIDCT6R
P0707,CitS0dRT
P0708,CCpKoBqV
P0709,CF9ZPXNS
P0710,CunafsU7
P0711,Cv7jPYRL
P0712,Cdv6lNig
P0713,ClJmBC6L
P0714,CXY8WxRc
P0715,C3Rur1E0
P0716,CqhfdPR5
P0717,CEQq8Y1F
P0718,CdDqtATR
P0719,CXAMQC53
P0720,CuqYNLh5
P0721,C4FHPy0w
P0722,CwR2stGT
P0723,C8hGipCV
P0724,CIOjCGti
P0725,CvTGlS1b
P0726,CogVY6lm
P0727,CI7sp8gh
P0728,C5BQxcXR
P0729,CcNdM3K8
P0730,CyJelfAT
P0731,CYM91kt6
P0732,CcbBNKYg
P0733,CbjUG5RC
P0734,CCegQ2b1
P0735,Cf5YLvA4
P0736,CBwdMHfP
P0737,CEp7zmWX
P0738,CH5dGlbr
P0739,CRNXzuIn
P0740,CE76pLZx
P0741,Cm15pWgy
P0742,C7rbOCYw
P0743,C3j2tmFe
P0744,ChCGPDYq
P0745,CtgeQysF
P0746,CoxdsOEm
P0747,Cbo6Uf5R
P0748,Cx6veQsa
P0749,C5AcBSOk
P0750,CeUvdE46
P0751,C6Cod5Tg
P0752,CF8QxSOq
P0753,Cd6jbu5y
P0754,CQqYmxRL
P0755,Cz7HKPL5
P0756,CvECpNfB
P0757,C3wfvAmd
P0758,C9Gm5QxJ
P0759,CDBiON61
P0760,Cdm5R4IF
P0761,CqmMW4ah
P0762,CnPdV2Uj
P0763,CmrqdEQD
P0764,CYI9aUht
P0765,Cmg3cdJv
P0766,CUcZjVfQ
P0767,CyYbocGt
P0768,CLJs6WfD
P0769,CL8Iiw1K
P0770,CfF0vuIV
P0771,CF5QSLGr
P0772,CF6qNS2I
P0773,CUgV5wmQ
P0774,CEgm4Kar
P0775,Cw0D4jqh
P0776,CwoFzfhy
P0777,C1uSJqy0
P0778,C8vgyq7K
P0779,CjK2Vo96
P0780,CVSRYwlo
P0781,C5Zu8jen
P0782,Ciwpf3sk
P0783,Cm7jSMR4
P0784,CwlL82Nh
P0785,CIr6FABu
P0786,CJquMxU0
P0787,C8exwBgS
P0788,C4lim6sG
P0789,Ck6z3qeb
P0790,CLdFiQKe
P0791,CxRMn3Ck
P0792,C4OScM1y
P0793,Coscr4X8
P0794,C8UokazQ
P0795,CRFXrybN
P0796,CgzK4Yau
P0797,CfmYbNpv
P0798,CGY7A2bo
P0799,C46ACm01
P0800,CPNAmJUe
P0801,CiHPA74J
P0802,CnDQULaz
P0803,CnTIHWto
P0804,Cyd1RxFI
P0805,CgfJX7Qm
P0806,CDOEC4nc
P0807,CPIHmlJi
P0808,ClIx59r2
P0809,CxtwAcEU
P0810,C0WbkVEZ
P0811,CCeOwcZ9
P0812,CJku9tHR
P0813,CCDtUbZA
P0814,ClMZJyTb
P0815,CPAkKI5l
P0816,CzV4KFSc
P0817,CaD9Kn3G
P0818,CmZuVTXD
P0819,C0f1sdka
P0820,C4klAdX7
P0821,CE9M2yGB
P0822,CnsBN7uS
P0823,C4lKMWTx
P0824,CTUq7NmJ
P0825,Ce7ixF2J
P0826,Cn3yWp1Y
P0827,C1PshYZ7
P0828,C9e3hblM
P0829,Ceha8mR6
P0830,C3jRFmPG
P0831,CASC9kzt
P0832,CsrBYah1
P0833,CtdQEGDs
P0834,CYiwnAtz
P0835,CbxqVT58
P0836,CDNRlTsO
P0837,C72lk4wT
P0838,CwUeazqJ
P0839,CMqFJGVp
P0840,CyZTB9UA
P0841,CpJexVuz
P0842,CmErT4kc
P0843,CKA6JOni
P0844,C1KdlMqJ
P0845,Ck2AqF3g
P0846,CGAhgVpY
P0847,C6EyhJZD
P0848,CJzv9eak
P0849,CEak2yBC
P0850,CGsomQAR
P0851,C2F3tpRw
P0852,CZDVkqJ4
P0853,C63b5BnA
P0854,CwoVNmOP
P0855,C8tkqoY5
P0856,CHvIy3dR
P0857,C64a9QPT
P0858,CMuJP9bK
P0859,CmjGuirf
P0860,CJlDRTQe
P0861,CYhNGRLD
P0862,ComjOw1y
P0863,CTKBl5E6
P0864,CQHXRlvN
P0865,CEs98f6I
P0866,CScaW1Pl
P0867,Ck0NAxXi
P0868,CMdrapHR
P0869,CVR3IEGi
P0870,C8t3GDSL
P0871,CvTGLkeC
P0872,CNjzOHX8
P0873,CE1587oK
P0874,CGX6Vozw
P0875,CBtwIZkH
P0876,C8u2SozZ
P0877,CQ9g7YNp
P0878,C97Ovli5
P0879,C60EXQdO
P0880,CjqxBGLn
P0881,CTVQ8kwL
P0882,CPTXnglh
P0883,CR17xAtu
P0884,CcJ93zqm
P0885,CrzjRmnb
P0886,CD5Ut23M
P0887,CdVLYhbJ
P0888,C3yPvdZq
P0889,CVbQYmWO
P0890,Cd6oXzJ1
P0891,Cd7sFjto
P0892,C1w8yxeb
P0893,CtEXjQS5
P0894,CyqfseNS
P0895,CNcF8pjE
P0896,CBEWjpr1
P0897,Ch5NGM94
P0898,CE2LkYCA
P0899,CpOas2S7
P0900,CcYWXQ0o
P0901,CBnAF9vq
P0902,CIn03uzY
P0903,C0vRVFJu
P0904,CZA94C5B
P0905,CL812Nky
P0906,ChpT1fui
P0907,Cqx59LHl
P0908,Cl8nQY5r
P0909,CHpamvxo
P0910,C1PFi0ZL
P0911,CB790jhM
P0912,CHgtfsoj
P0913,Cp9GsvqB
P0914,CTvhUwZf
P0915,CtrgeGlj
P0916,CGV5I1yc
P0917,CFPqgAw3
P0918,CLO4WJtY
P0919,C03rxYMV
P0920,C0IiV3Nc
P0921,CkzIZg3d
P0922,Cmf5altM
P0923,CNTKaguq
P0924,CXJ0PCtL
P0925,Ca4UrSKn
P0926,CCFb914e
P0927,CEiFXDmc
P0928,CIdeTtcM
P0929,CHTLk2Ob
P0930,C1tNuPgV
P0931,C2fODFSl
P0932,C9n47iAE
P0933,CL8gCwEs
P0934,C3J5RBLy
P0935,CsVOQUnK
P0936,CFtLJMvw
P0937,C1HdDUyb
P0938,CXVq71FJ
P0939,CElshNP7
P0940,CjUm4LF5
P0941,CwPfhnCx
P0942,CA9oOjDN
P0943,CXbpWhld
P0944,C7ihPOzB
P0945,CqFdN3Rz
P0946,CS8aoK3s
P0947,CIp3Gizc
P0948,CyIDqY7J
P0949,Caf0ut2s
P0950,CGnNbtQJ
P0951,CidSuDCK
P0952,C2qMpbHW
P0953,C5AKf196
P0954,ClM6eB3b
P0955,CoFYsNUJ
P0956,CWs4PJDX
P0957,CSNwzruW
P0958,CrytZi23
P0959,C6BwFT9g
P0960,C0EsRQb3
P0961,C07ouXZI
P0962,CgmsHnN7
P0963,ClrUPgqf
P0964,COvcfqUV
P0965,C3JSiwP9
P0966,CmkavjtV
P0967,CMrK4RIA
P0968,CR3gwhFv
P0969,CU1ltLdn
P0970,CO4hfVwb
P0971,C4YphUfS
P0972,CGNEVZnm
P0973,CAH48Fqs
P0974,CubeSCGp
P0975,CGh2dpj6
P0976,CwNdkZn6
P0977,CbvPj4k3
P0978,Cn3krmQK
P0979,CPRrCx9s
P0980,CZzX3Hck
P0981,Cp2Gtek7
P0982,CzvQ8Sdu
P0983,CWXmJDra
P0984,CDqzm2cN
P0985,Cism3670
P0986,C5VoIFK4
P0987,CMzklrW9
P0988,C4swOrUV
P0989,CwAiMzlS
P0990,CTGA3qFd
P0991,CHDFaiGe
P0992,CsRSvT7D
P0993,CPO01rwt
P0994,CLzXNseq
P0995,CXLVhPZy
P0996,Cnu3tGPT
P0997,C7o2m05B
P0998,CRnBx4ec
P0999,CSlXVwej
P1000,CYkt0K2d
P1001,Cgzxnfek
P1002,C8dkrK9t
P1003,CHsO4ogW
P1004,ClMGbasO
P1005,CkEL943z
P1006,CeTrobwZ
P1007,CpCTdGZJ
P1008,CYLZ67J8
P1009,CHv8Z9Se
P1010,CPK17ZRO
P1011,CIR9qVjE
P1012,Ck1BbpnA
P1013,CVaZbUYO
P1014,CqcVetho
P1015,CbLw0QFD
P1016,Cihak5A7
P1017,CDJPCszp
P1018,CChtByMa
P1019,CYZVUImF
P1020,C8X6zZRQ
P1021,CZcfQKWS
P1022,CriHslON
P1023,Ca9KLk6C
P1024,Chm0itrD
P1025,CHMUezKq
P1026,Cm1c5wbq
P1027,C3QXxzto
P1028,CWLvUxRC
P1029,CfAjrXsY
P1030,C3jaNKJV
P1031,CFhz7foL
P1032,CBK1Sglh
P1033,CIdUlM3u
P1034,CdUXSLDZ
P1035,CPWC5Ok2
P1036,CAQ5lMnG
P1037,CYk9V8Ku
P1038,CDkiB3Zg
P1039,CSdHCAhV
P1040,CFNwtHGE
P1041,C4UXjhC6
P1042,CLmRJ4zN
P1043,CbvpN4kG
P1044,CL97Sqw5
P1045,CHMNUv9i
P1046,ClWXCxHq
P1047,CAvxMNqk
P1048,CV13zhcY
P1049,CkQR0YJH
P1050,CxyZWmA4
P1051,CQe63Ppw
P1052,CzjL1R0P
P1053,CeZifawO
P1054,Ck7pIoln
P1055,Cu9nZArq
P1056,C6ro8OyQ
P1057,CnMXd3f7
P1058,C9YvbDcL
P1059,CavTREL5
P1060,CNrk3j6x
P1061,CZ9spUQO
P1062,CVEx7j5f
P1063,CjPZVkYQ
P1064,CmjPnW7I
P1065,CN7HIFnQ
P1066,CHFfZ3TX
P1067,CTJHCpZE
P1068,CNOhas2U
P1069,CYF4aKz5
P1070,CgxTKq1W
P1071,COf19ZDi
P1072,CLzCXN6W
P1073,C8X1UaVP
P1074,CZBW5QjU
P1075,CG94LQ31
P1076,CJvUBbeo
P1077,CHJRMPdh
P1078,CNWRvbQB
P1079,C50fAeSt
P1080,CWuOCe3g
P1081,CIrnueF0
P1082,CjBpFhmC
P1083,ClQCzw41
P1084,CEsqPbRI
P1085,CtFprbxd
P1086,CFtIgiBZ
P1087,CzoUdpJb
P1088,CluRpS5r
P1089,CA9zLcjq
P1090,Cvjzqwd6
P1091,Ck7LvDg8
P1092,ClpJXfYu
P1093,CTky9zA8
P1094,CsI72pb1
P1095,Cgyiazmk
P1096,CWfOlrJR
P1097,CyC7bsEI
P1098,CtYQs5R1
P1099,C1gViI4U
P1100,CjzZRerX
P1101,CUAmalS7
P1102,CUxQqyEI
P1103,CyfOgBw3
P1104,CPaEIrX2
P1105,CjHwfaby
P1106,C62fThzN
P1107,CP8HwVi2
P1108,CaUMHOW3
P1109,CKi7l0eq
P1110,CH8uSMtf
P1111,CesFwq8V
P1112,C17P9Kxl
P1113,CiQqPnBd
P1114,CkbG36l9
P1115,CLRxuGkh
P1116,Ch7Osoav
P1117,C6fcvlJa
P1118,CyNY2AGx
P1119,CbYo8Zn2
P1120,CjAH2WFT
P1121,CPreCVtD
P1122,CbtU4zYi
P1123,CwQmqinb
P1124,C1px6GkA
P1125,CmFPc7Eg
P1126,Cl3Dwkbu
P1127,CQTJLpSa
P1128,CuDAyewU
P1129,CpTZRELU
P1130,CfTS0LNm
P1131,CmPQzqL5
P1132,CMuoLVfw
P1133,C3HVwJMG
P1134,CgIMUYPH
P1135,CT2kPdpt
P1136,CFOKgt5h
P1137,CrB5Q2RC
P1138,CaHmISBk
P1139,C8SY75Nv
P1140,CDMfs20Q
P1141,CogUh04d
P1142,CXfvR4rt
P1143,CnrKMWRY
P1144,C7zWRJ9n
P1145,CMwIfySm
P1146,Cywo2H50
P1147,CSo4WDlC
P1148,CF05YbTw
P1149,CH93CVGQ
P1150,CmcgHKSr
P1151,CplLIgzA
P1152,CyzjXe4m
P1153,CtabDGiI
P1154,CTxue6DU
P1155,CRsqZXh8
P1156,ChA25glJ
P1157,CquRy37g
P1158,CVPzKLWg
P1159,CSLvNKOI
P1160,C63MxBEn
P1161,CvQALCj5
P1162,CZAEVqRj
P1163,COVG4RkS
P1164,CI2x1c0v
P1165,CERsV7Ay
P1166,C5ftKOGe
P1167,Cqb0nyoT
P1168,C3yHeWP6
P1169,CNBRFKAf
P1170,Ckm6q7SO
P1171,CSV4ByGX
P1172,CBjNqnkV
P1173,CWsNJEVS
P1174,CRaH3z2c
P1175,ChtSjVgk
P1176,CBvmsXQF
P1177,C4gjuKQB
P1178,CRZo4tO5
P1179,C9L0Kn2x
P1180,Cvd3RKrz
P1181,CH24zXUc
P1182,Cr5QOINd
P1183,CxD2wcER
P1184,CACnpgPR
P1185,COGt82zS
P1186,C0bYDyua
P1187,CcKjC8R2
P1188,CGKYbFfw
P1189,CJBfUoY9
P1190,CQBjogFG
P1191,C0fw9nNR
P1192,CZuS0G9U
P1193,CJxkR4cr
P1194,CpwZSov4
P1195,CgOCGeko
P1196,CdBc4lIu
P1197,CuCGezHP
P1198,CRAO4Uae
P1199,ColkSqfF
P1200,CpZkj4De
P1201,CMRmwcB3
P1202,CJBCKPQr
P1203,C6QeWBmX
P1204,CXTK6l0s
P1205,CWAjeJvc
P1206,CuPMdDJv
P1207,CzHEh27U
P1208,CVCc5Jhg
P1209,C9OahRU8
P1210,CIHtqeUC
P1211,COFQpJBm
P1212,CtgkeEZT
P1213,CMY5TxEG
P1214,ClWFomvB
P1215,CMIuP46Y
P1216,CY7pM1gz
P1217,CuPMglD8
P1218,COXNBTvL
P1219,Cw5SvFbj
P1220,Ci27ODjR
P1221,C5Za8sT7
P1222,C5qAau6r
P1223,CrZMpxEc
P1224,CY2mQEpv
P1225,CNDb1a0i
P1226,CudoCQD7
P1227,CBGqn3PD
P1228,CVcS6eJx
P1229,CHXGEgDC
P1230,CAsb9US3
P1231,Cpwz14sY
P1232,CFHnUgM6
P1233,CMv4NftV
P1234,CZAE6cty
P1235,C706aNsq
P1236,CLO6Phcr
P1237,CuAsInSz
P1238,CbTJWweE
P1239,Cmv0CA9g
P1240,CJZ90jik
P1241,CMAVS8p5
P1242,CQJv5S8G
P1243,CimUa1Lp
P1244,Cvjw01Is
P1245,ChScUus8
P1246,C0dUFgbE
P1247,CgaXUoVs
P1248,CNrBYWgK
P1249,CVWGOdYU
P1250,CfDUBHja
P1251,CRAkf0b4
P1252,CZVoy637
P1253,CzbY7FPS
P1254,C1MGDNPg
P1255,CyzQ3a5t
P1256,Cc8eKwI2
P1257,CSXVbpxz
P1258,CN8swrbG
P1259,CaeliYHg
P1260,C1o5aNIb
P1261,CSmDjfCZ
P1262,COfVvoGy
P1263,CstbaRFP
P1264,CeLNPKAG
P1265,CS1cv7Va
P1266,Cg6t0JEj
P1267,Cs6CWJMP
P1268,CCTva0dx
P1269,CPwSsYxO
P1270,Cc9KFpgU
P1271,C57D6zWt
P1272,Ch8F2VjT
P1273,C2inhu8p
P1274,CMv1Gt8A
P1275,CfDOd4Yw
P1276,CRWfezCL
P1277,CLFY9PWh
P1278,C0QUOdl9
P1279,CihQsIdx
P1280,CMLFHfPk
P1281,CfHMYcED
P1282,Cd5Av1Kl
P1283,CbHtziFX
P1284,Cr4ZCI8J
P1285,ConSMd0R
P1286,Ck546VWZ
P1287,Cs1bRGk4
P1288,CToG8FcU
P1289,CtoB8UwZ
P1290,CE5weMQ1
P1291,CgGf3onu
P1292,CpFQLGP8
P1293,CX6ZxKDA
P1294,CiLt7OKZ
P1295,CB0X7WR9
P1296,Cs7D1CdB
P1297,CHBOCcoa
P1298,CbnVvTK1
P1299,CNCRbSP3
P1300,Ch7kEBzO
P1301,CcNbowuI
P1302,CrNLq5hw
P1303,CSUWKFDz
P1304,CN106tSW
P1305,CrSBPERe
P1306,CJEuQNzj
P1307,CEtHhW13
P1308,CJiMKxyU
P1309,Cv6MU9Bf
P1310,CrkmSKul
P1311,CIVaQCUn
P1312,Cemd026v
P1313,Ca7AfYN2
P1314,CuT7jNrw
P1315,Cmfq437B
P1316,CLruDOc1
P1317,COvU84pj
P1318,ChlJDw9N
P1319,C2DdzGPB
P1320,C4ErduOm
P1321,Csuy0Elq
P1322,CQghaKwi
P1323,CvQ8M29B
P1324,CLBHElxd
P1325,C6M8BDGU
P1326,CMvm9jL5
P1327,CHi9XrhB
P1328,CihoPaJp
P1329,C4lIOgkx
P1330,CnM7rSdl
P1331,CkCR6OS2
P1332,COdTro1h
P1333,CeoWO01t
P1334,CxWdmAg9
P1335,CiasWKRx
P1336,CckbKwmv
P1337,CT3OH5L7
P1338,Cd6RfAG7
P1339,Cs1iwzJW
P1340,CYosfKhp
P1341,C7kpK19j
P1342,CPWG2AQL
P1343,CNySfRut
P1344,CLoWgAjr
P1345,C5fCDkr9
P1346,CsiOhHwF
P1347,Ck4rKxR6
P1348,Cr203AzK
P1349,C1hIjuTf
P1350,CjY41hyr
P1351,CJFrzW3D
P1352,ClJMQw6B
P1353,CNdz7hP1
P1354,CJ367ZPU
P1355,CXeZ3Tp9
P1356,CT4SBmWi
P1357,CB3iU6rY
P1358,CHlchQbp
P1359,CGeZdmOa
P1360,CQOeYV5n
P1361,CDJgWAkn
P1362,C2Hc1AXY
P1363,Cuxw9WpB
P1364,CxWL1Dd3
P1365,Cqwbz28l
P1366,CwuhF6pK
P1367,CUIremz3
P1368,CRVsMLKQ
P1369,CQMEVobt
P1370,CeLgR2rz
P1371,CoPUvbpN
P1372,CMVsUYKQ
P1373,CKAq3IH7
P1374,C3KOk70I
P1375,CWADile5
P1376,CnFJ3Ggy
P1377,CBsSLtDk
P1378,CGJHjp8W
P1379,CFt35lHw
P1380,CciCdyED
P1381,C9N82gkA
P1382,CL0AwQGT
P1383,C83i9VSw
P1384,C2Fj5oiG
P1385,Cb9PZjXY
P1386,CEK4fsFD
P1387,CTpBjqiD
P1388,CtymSYTr
P1389,CawzCBZr
P1390,CSXu4kJz
P1391,C3IiCSDp
P1392,C53YkcwC
P1393,CGi4kcO8
P1394,Cza29VPM
P1395,CLEdCZGe
P1396,Csym7JI5
P1397,CCngaNmT
P1398,CL17Nptv
P1399,C3WG1Rz5
P1400,CAXFfouE
P1401,C26kGl0Z
P1402,Cz38RaZ9
P1403,CWQvlBEF
P1404,COveDgwH
P1405,CP32BJqs
P1406,Cud3MqyE
P1407,CI9ElLzn
P1408,CJRQ1Fds
P1409,CWpukYDN
P1410,C0GqXdot
P1411,CglSGTtv
P1412,CgvjEZw6
P1413,CJAd4BXy
P1414,CAgs3KtU
P1415,CtCRi5QD
P1416,CdX3SPWi
P1417,CCdENF31
P1418,CL4b7Czc
P1419,CCN8TA6r
P1420,C6Elaipv
P1421,CWvO1pFb
P1422,Cedyvtb4
P1423,CJNv4biH
P1424,Cs7pjnAl
P1425,Cvaz9j75
P1426,CkpQBWDt
P1427,CX1C6GsS
P1428,CYQ4OE13
P1429,C5cbTtE2
P1430,CUoBtIcl
P1431,C4yMY3q9
P1432,CWIahfFb
P1433,C9GcVThX
P1434,C7bLSQBO
P1435,CAwfgymb
P1436,CiBwU9qY
P1437,CnjMxBXt
P1438,CkXnHg5p
P1439,CaxTVkW9
P1440,C0VRsgeT
P1441,CtDEVs1b
P1442,C4DRe9dT
P1443,CARpMIBj
P1444,C26wVleF
P1445,CE8JLsiM
P1446,C5jEsAS1
P1447,CSenGsjx
P1448,CD5oZnfy
P1449,CGJWfvgj
P1450,CHliDNmg
P1451,CerbzEmv
P1452,Ce3CQ9jw
P1453,CSurO5ng
P1454,CzQ2yhKq
P1455,CLHlrzM5
P1456,CSD1UTHi
P1457,CnoPcjKO
P1458,COBkYQ0d
P1459,CeIl5OPH
P1460,CKSvt9jL
P1461,C9XKFBsn
P1462,CgvlM9BN
P1463,CY0lugAo
P1464,CXtEzxZd
P1465,CyIBr1nw
P1466,CqAxyhdZ
P1467,C0y5mUWd
P1468,CCWUpfBI
P1469,C5iO9Qom
P1470,Ceymsj0H
P1471,CUvfosh6
P1472,CvO761A5
P1473,Cg53z1pV
P1474,CUVy8hve
P1475,CPMk7TGF
P1476,CnAr3OtE
P1477,Cd0AgJq9
P1478,CVpRMS1u
P1479,CzaeNuBU
P1480,CTWHilfq
P1481,CkC6IdVx
P1482,CX3tUDL5
P1483,CTNtxUkh
P1484,CB6IYo20
P1485,C7k1yvcg
P1486,CWxCMYNu
P1487,CK5sGfor
P1488,C4eVuwOz
P1489,CGqLNtBz
P1490,Csfuwm7I
P1491,CI2y7mbj
P1492,CEA2rgCi
P1493,CW3wgMUI
P1494,CUzkjRCM
P1495,C62OhDBw
P1496,ChEtnwZI
P1497,CTrtou6B
P1498,C60eYsqT
P1499,CAxyXNMZ
P1500,CwN24faX
P1501,CwJkPNY8
P1502,CB2KM6dV
P1503,CNmK8LlO
P1504,CRmu2ULX
P1505,Cy5twFJe
P1506,Cu4qHzf1
P1507,CdJVSeyl
P1508,CIP2ybnN
P1509,CoMNVfAF
P1510,CdXlth5i
P1511,CO26mBjR
P1512,CiLcsM89
P1513,CIbXHuiC
P1514,CNWVKInX
P1515,CS9pKF6B
P1516,CLvXjK7m
P1517,CTjZF5iE
P1518,C8jiG4Qt
P1519,C8VXHEpT
P1520,CR6bljpT
P1521,CS9opCNd
P1522,CclVBKfF
P1523,CU8zr7QC
P1524,CnVOm4QP
P1525,Cb5JDXge
P1526,CDOpcKHU
P1527,CoRUzIdC
P1528,CekcCSJn
P1529,CjOJf0dv
P1530,CwtISryf
P1531,CHGPS18O
P1532,C7Avrsd0
P1533,CVDUosz4
P1534,CIcsWC7F
P1535,CkJug7eE
P1536,Cv5iKuey
P1537,ChEdMRgD
P1538,Ctq5KVzW
P1539,CRmr7j1Q
P1540,CpIOdL5u
P1541,CiqsOZYf
P1542,CHgsbSGN
P1543,ChZPLcbS
P1544,CX9bm5hc
P1545,ClLzdYID
P1546,CfeyL1OH
P1547,CajwA7OU
P1548,CHIQeEuC
P1549,ClDeAP4a
P1550,CDwjty8Q
P1551,CvRmpIoP
P1552,Ceo1ycxk
P1553,CYKygGZc
P1554,CWamvczB
P1555,CgBaKs1W
P1556,CJmo4LYi
P1557,CbvsCLSF
P1558,CAfXMJqa
P1559,Ci8s570L
P1560,CPXQOMGT
P1561,CI4On56p
P1562,CFgmMV23
P1563,CyqbdTUH
P1564,CtC6u4DK
P1565,Cl2WKVeS
P1566,Copl85t3
P1567,Cl4iksXS
P1568,CLIPzbNA
P1569,CMPNgnqJ
P1570,CedBi7I9
P1571,CDjXwE0M
P1572,Cq2tJN9p
P1573,CfETwJmI
P1574,CK3FWNIz
P1575,CiD9zFf6
P1576,CfvBcamL
P1577,CoPjGf8z
P1578,Cwmk7X14
P1579,CO0c8TFK
P1580,Cxtfru75
P1581,CiprKaf1
P1582,CDyImTAi
P1583,Ck4g3fSK
P1584,CoUTN87k
P1585,C31C4XUA
P1586,CFtqNG30
P1587,Cgj0zUDp
P1588,C6IhR5Mo
P1589,C3Lw1IsD
P1590,CxsJiqVo
P1591,CL2J7M15
P1592,CtKZwxmV
P1593,C4AnPQGJ
P1594,CAog063d
P1595,ChQ41YIf
P1596,CY8ZDSn7
P1597,C8tDCKd7
P1598,CrsnB2MZ
P1599,CbOylUdu
P1600,Cg2kbXeE
P1601,C2oYxKVR
P1602,C2r4MkB1
P1603,C3iYIlZ5
P1604,CCGiwnxO
P1605,CQHfE6nk
P1606,CJAXq1Hz
P1607,CMCHFbRp
P1608,C3lGWeyU
P1609,ClIRXYzT
P1610,CemNcazS
P1611,CPZYB2rW
P1612,CcRJYOGf
P1613,CEq0wauQ
P1614,CSGr1jiK
P1615,CZCXd5rb
P1616,Caz2jMK4
P1617,CXbNwg2Z
P1618,CPETHlhb
P1619,CMr64XUE
P1620,CIEts5JV
P1621,CHOFKRxJ
P1622,CK2lE1Or
P1623,CvfuwOe2
P1624,CmrJWfz9
P1625,CS3FuPn5
P1626,CNqbrlJo
P1627,CKv3fnS8
P1628,C84r7zjQ
P1629,CwTysIYf
P1630,CCj1pPxW
P1631,CFcMaqJE
P1632,CLM3GkqH
P1633,CZyEP9SG
P1634,CF2QRipE
P1635,C54m8aNS
P1636,CcA1xgKb
P1637,CKeLnYUC
P1638,CMlmXu6s
P1639,C6LdpeMI
P1640,CfvSTOwN
P1641,CZ1gyXLE
P1642,CjBnFtRm
P1643,CziMAgWk
P1644,CRdqkLtW
P1645,CGr2mYdB
P1646,Cf0TRteN
P1647,Czicn31J
P1648,CQhZGgSj
P1649,CBbchweJ
P1650,CVR14OTo
P1651,CtnH152h
P1652,CGLOfAIv
P1653,CKjRGr3t
P1654,CeonjxBg
P1655,CS0OBRFr
P1656,C3Zqk85z
P1657,Cep6Q9sa
P1658,Chq6lezs
P1659,Cj5eAzC1
P1660,Cm5kD6Vl
P1661,CdqUx9uA
P1662,C9uje63b
P1663,C8PvTZmj
P1664,C6msMbP0
P1665,CnT3GAhp
P1666,CcoGeKCH
P1667,C3ZptD45
P1668,CePqS0fp
P1669,CwtKv73n
P1670,Cz4euGPx
P1671,C8JIgC6B
P1672,CvWIh2nS
P1673,CwH6QzDp
P1674,CgsVHxFY
P1675,CDwge2o7
P1676,CC0qu8nm
P1677,CimUYKXB
P1678,CgUjNG9S
P1679,CJnvDBuq
P1680,CTeou7ON
P1681,Cm7gW8bP
P1682,C3PTYcKr
P1683,CTGe9j0h
P1684,CUIFypa1
P1685,CDWSX9dJ
P1686,CVbaJgnh
P1687,CAul1mGL
P1688,Cd59uhfn
P1689,C371vD0y
P1690,Cbze5M2g
P1691,Cx4anpwF
P1692,CtxM7auS
P1693,CTD5JEhH
P1694,CkOxqXhB
P1695,CK5MnHEI
P1696,CZIs4SO0
P1697,CQGCglvW
P1698,CbxuWrjs
P1699,CmcQxFEg
P1700,CIu4VF7P
P1701,CfX7zjvE
P1702,CnjBNyrU
P1703,CmdtcBoL
P1704,CJkFTodc
P1705,Cq1dCVcR
P1706,CJIj3PES
P1707,CUvu6520
P1708,ClZN5EMz
P1709,CfjRG9uB
P1710,CH1eCqFo
P1711,C9kteW1G
P1712,C3WPoaGN
P1713,CjmFR7ls
P1714,C10w7529
P1715,CbJ4RILP
P1716,CVxtwMND
P1717,ClQ7Wt9O
P1718,CwRaFU8b
P1719,Ce8u7j3N
P1720,Cc7iR8ZN
P1721,CUQy6mxf
P1722,CYZ5uTJR
P1723,CygDEdqs
P1724,CQVpJmir
P1725,CnSHjZz3
P1726,CuEwir46
P1727,CJbnxKmU
P1728,CegwVmcD
P1729,CjlSJIae
P1730,CYsbXhrR
P1731,CUJ8nxIm
P1732,CeF5l2qN
P1733,CgiZDK2E
P1734,Cy4gu82e
P1735,COlCBkRy
P1736,Cg72keut
P1737,CNVSjOf6
P1738,CjpVdXui
P1739,CjkXmzNv
P1740,CgRvhCsA
P1741,C0fJYk9P
P1742,CgB1uxfT
P1743,CFEcbj4X
P1744,CkNhoFrD
P1745,CjOApLeE
P1746,C0GqChIs
P1747,CxnjD5i7
P1748,C7e8fINL
P1749,CuyOiI9f
P1750,CpBrEUvK
P1751,C8VmQnzN
P1752,CHw4Ip1K
P1753,C8u7mRBH
P1754,Cf43aoND
P1755,CvcpCtwj
P1756,CYliUjrq
P1757,CWvgC45A
P1758,C4EwiGLV
P1759,CpxWUEiK
P1760,CYIK6BlH
P1761,C5vP9SYu
P1762,CRUvYrOL
P1763,CilpSX74
P1764,CrxKydL1
P1765,C2JDKadg
P1766,C8Vq7edD
P1767,CgBAIcuh
P1768,CNiPTMao
P1769,Ck7su5Uj
P1770,C1syo7mD
P1771,C5dBkoH3
P1772,Cbonug4O
P1773,CWGE30qH
P1774,C7B8XpcO
P1775,C6NCo3ks
P1776,CQRAd4Ei
P1777,CJG3MRZF
P1778,C8mRNPVF
P1779,CfbUlQ5j
P1780,CW1BnFmQ
P1781,CeSf4ETB
P1782,COKIVxqU
P1783,CtHV02oB
P1784,CDj0b86B
P1785,CE2tVxod
P1786,CZvXB95h
P1787,CSG82Dvq
P1788,CWgbhcLm
P1789,CWgIbRZ7
P1790,C8MeQAoh
P1791,CucGKaR4
P1792,Cs74y8AP
P1793,Ck6jzb4Y
P1794,CzolLE98
P1795,CTdW6kcQ
P1796,CxuUQzy0
P1797,CMBtNJHh
P1798,CFGXphtm
P1799,CCh0Pl6D
P1800,CZFrpXal
P1801,C6XmMWKN
P1802,C9Hm4P7e
P1803,CATqs49b
P1804,C9dViESI
P1805,CWOPXo7F
P1806,Cgnxyp76
P1807,Cmw6JDO8
P1808,CayxUWtB
P1809,CiwZqamf
P1810,C7jxoUrk
P1811,CDv5AGr4
P1812,COohBnK9
P1813,C8WGC7T4
P1814,CRHplIrq
P1815,C6mwYA3t
P1816,CzbmAoqr
P1817,CCY42kc5
P1818,CoNUiZXd
P1819,CsPbpq0Q
P1820,CNeAZRKC
P1821,C7ZseLOq
P1822,CwuxUt5K
P1823,CugUnLxZ
P1824,Cq6EL9DB
P1825,CxOM3GRg
P1826,C9Ia3tpm
P1827,CHe52FXw
P1828,C3u1E2Jj
P1829,C29wN6LK
P1830,CPt6pyQk
P1831,CeKQHl3u
P1832,CFyvqsPH
P1833,COPXti97
P1834,Cx9cjDGg
P1835,C7wWJtTC
P1836,CSO9dM2E
P1837,C7DmEaUl
P1838,COzvZtQ3
P1839,C3BD5tTN
P1840,ChSnvzFc
P1841,Cnyd265B
P1842,CRS2Gabt
P1843,C9lng5q4
P1844,Cob78e6l
P1845,CR1oBm4p
P1846,COBSQgVb
P1847,ChDgvxOR
P1848,CEjUsyzK
P1849,C3hqWkob
P1850,ClgUcSO9
P1851,CrZDE5J2
P1852,CZdLJYVy
P1853,CgdGA8lf
P1854,Crld5SHn
P1855,CeAkcGyM
P1856,CSwetUJQ
P1857,Cetg4Mb1
P1858,CMT47jYg
P1859,CyS2QchP
P1860,CJScUXgd
P1861,CVLXilNC
P1862,CVGLAs1F
P1863,CvNTC035
P1864,CDgWoa29
P1865,CjV6ZI5F
P1866,C8sX16WO
P1867,CXfuSkwU
P1868,CNEe0RMy
P1869,C94a570j
P1870,CjRGbikK
P1871,CD2EczsB
P1872,CG64xiQc
P1873,Conjipvf
P1874,C7sWXRgl
P1875,CS18uied
P1876,CuWiXgKB
P1877,CL7T6Wph
P1878,CSBiVmGN
P1879,CoaSTD9P
P1880,CVDFIBnY
P1881,ChCnmTVs
P1882,Cu0O7PSR
P1883,CS7KlQI0
P1884,C1w3IjVs
P1885,CFXuY0qp
P1886,CYN5PCBM
P1887,C9ONn1gQ
P1888,CIo6CNDG
P1889,CbyRjwc8
P1890,Ck6istGE
P1891,C0t8J3mE
P1892,C9TPqyxs
P1893,CziEwYhO
P1894,C0E4LYyJ
P1895,CMkAqTuE
P1896,C8pHRmNA
P1897,CJpDTVeg
P1898,C9e2A6Dn
P1899,CcXm6Efd
P1900,CG8UcEJi
P1901,CYpO123P
P1902,CrWUzBnP
P1903,CfVvFMeN
P1904,CwtaMJWD
P1905,CTGfMO65
P1906,CkQCEIAp
P1907,CsykghWr
P1908,C8JTOE0u
P1909,CwNrmP9D
P1910,CgQqHsWf
P1911,CcQXM3uE
P1912,Cr7HycCX
P1913,CEFG9sgr
P1914,C9aqhTs3
P1915,CbWDnhpy
P1916,Cx3WN4pQ
P1917,C4hEwi5n
P1918,CWUjzYkC
P1919,CscxBfkR
P1920,CnYEl3H7
P1921,CgmtTey8
P1922,ColsciPx
P1923,C08shprU
P1924,C9UEcA7x
P1925,CN8gUBoj
P1926,Cx50XiSj
P1927,CGMAOHTq
P1928,Cli6QCnF
P1929,C8nJfGXA
P1930,CJMcCZy6
P1931,CAUiXyjG
P1932,Cvz8nBHC
P1933,CWmZUuyE
P1934,CiFeShnR
P1935,CJZxuDzQ
P1936,CfFDvZax
P1937,CBOjiCsJ
P1938,CeUYJdcv
P1939,CKLDPTuX
P1940,CR1xpXKN
P1941,CW46Sn1y
P1942,CKN26xLM
P1943,CVU0sRgA
P1944,ClKehmns
P1945,Ci57qNcg
P1946,C89Rlmwn
P1947,C3OUdTj6
P1948,CVpUezLr
P1949,CmSF5Uw1
P1950,CVcWR2S4
P1951,CaHcU0JD
P1952,CeWzVgIP
P1953,CS5eV2rc
P1954,CGWgksCb
P1955,C9mdGLqc
P1956,CYu5m0MC
P1957,CymijaMP
P1958,CG1Nbfsu
P1959,CH3deWkI
P1960,CtnJwEhH
P1961,Cgz8tiF1
P1962,CZX8St6D
P1963,C8L1uOWN
P1964,CsPa3nhr
P1965,C8SjULNw
P1966,C3rmE95s
P1967,C2jYiBWZ
P1968,ChRp7QZB
P1969,CA0uBDTS
P1970,Cd6YgIve
P1971,C2dCzuBT
P1972,CUFBPGdI
P1973,CUFVlpzj
P1974,CxeHftuE
P1975,CmO7iZ5g
P1976,CMkrScvO
P1977,CxPUEdSm
P1978,Ca4ui7s1
P1979,CRhc6sML
P1980,C7T3pLkl
P1981,COtZFC40
P1982,CXqxPRQn
P1983,CJdKyYDR
P1984,Cqgkm3ZW
P1985,CV7bAwcr
P1986,C4GC9pmI
P1987,Cz7F0KJy
P1988,CkafhQv4
P1989,CThGknvA
P1990,CJyRVc1m
P1991,CySWNFDA
P1992,Cd8VMxOz
P1993,CG0rXeY5
P1994,CADtJSx1
P1995,CIJ1sUpr
P1996,C9UahCs8
P1997,CVJQMy4m
P1998,CS2iC9fF
P1999,CbkzcN5L
